"model","coverage_days","capacity_bytes","capacity_tb","replacement_cost_usd","p_fail_within_coverage","expected_loss_usd"
"HGST HMS5C4040ALE640",30,4000787030016,4.000787030016,100.0196757504,0.000956312701433593,0.095650086313377
"HGST HMS5C4040BLE640",30,4000787030016,4.000787030016,100.0196757504,0.000376011622759687,0.0376085605868056
"HGST HUH721212ALE604",30,12000138625024,12.000138625024,300.0034656256,0.00184976716208041,0.554936559224553
"HGST HUH721212ALN604",30,12000138625024,12.000138625024,300.0034656256,0.00115482490904795,0.346451474905152
"ST12000NM0007",30,12000138625024,12.000138625024,300.0034656256,0.00501147224220466,1.50345904054789
"ST12000NM0008",30,12000138625024,12.000138625024,300.0034656256,0.00416768951749935,1.25032129890129
"ST12000NM001G",30,12000138625024,12.000138625024,300.0034656256,0.00237570287065614,0.712719094493528
"ST14000NM001G",30,14000519643136,14.000519643136,350.0129910784,0.00507466410634849,1.77619836258123
"ST16000NM001G",30,16000900661248,16.000900661248,400.0225165312,0.00307316731475216,1.22933612296859
"ST4000DM000",30,4000787030016,4.000787030016,100.0196757504,0.00212483382833795,0.212525190533843
"ST8000DM002",30,8001563222016,8.001563222016,200.0390805504,0.00174566323851522,0.349200869183217
"ST8000NM0055",30,8001563222016,8.001563222016,200.0390805504,0.002274912338882,0.455071372602714
"TOSHIBA MG07ACA14TA",30,14000519643136,14.000519643136,350.0129910784,0.00286903806904693,1.00420059606491
"TOSHIBA MG08ACA16TE",30,16000900661248,16.000900661248,400.0225165312,0.00818003805587952,3.27219940843391
"WDC WUH721414ALE6L4",30,14000519643136,14.000519643136,350.0129910784,0.00107835437564185,0.377438040460886
"HGST HMS5C4040ALE640",90,4000787030016,4.000787030016,100.0196757504,0.00130038900954088,0.130064487083663
"HGST HMS5C4040BLE640",90,4000787030016,4.000787030016,100.0196757504,0.000511352073918503,0.0511452686276232
"HGST HUH721212ALE604",90,12000138625024,12.000138625024,300.0034656256,0.00251489885173684,0.754478371218893
"HGST HUH721212ALN604",90,12000138625024,12.000138625024,300.0034656256,0.00157026872053589,0.471086058124245
"ST12000NM0007",90,12000138625024,12.000138625024,300.0034656256,0.00680959198588638,2.04290119526223
"ST12000NM0008",90,12000138625024,12.000138625024,300.0034656256,0.00566392207758315,1.69919625230829
"ST12000NM001G",90,12000138625024,12.000138625024,300.0034656256,0.00322964218865529,0.968903849327235
"ST14000NM001G",90,14000519643136,14.000519643136,350.0129910784,0.00689537845577826,2.41347203792451
"ST16000NM001G",90,16000900661248,16.000900661248,400.0225165312,0.00417728277416995,1.6710071675859
"ST4000DM000",90,4000787030016,4.000787030016,100.0196757504,0.00288872964719677,0.288929802643189
"ST8000DM002",90,8001563222016,8.001563222016,200.0390805504,0.00237340619258641,0.474773992537612
"ST8000NM0055",90,8001563222016,8.001563222016,200.0390805504,0.00309267899213894,0.618656662025012
"TOSHIBA MG07ACA14TA",90,14000519643136,14.000519643136,350.0129910784,0.00389995834125723,1.3650360841046
"TOSHIBA MG08ACA16TE",90,16000900661248,16.000900661248,400.0225165312,0.0111086778835725,4.44372128232116
"WDC WUH721414ALE6L4",90,14000519643136,14.000519643136,350.0129910784,0.00146630840583484,0.513226990969652
"HGST HMS5C4040ALE640",180,4000787030016,4.000787030016,100.0196757504,0.00178544539177128,0.178579669155009
"HGST HMS5C4040BLE640",180,4000787030016,4.000787030016,100.0196757504,0.000702194309283977,0.0702332471283594
"HGST HUH721212ALE604",180,12000138625024,12.000138625024,300.0034656256,0.00345219428887655,1.03567025067587
"HGST HUH721212ALN604",180,12000138625024,12.000138625024,300.0034656256,0.00215588386857923,0.646772632060096
"ST12000NM0007",180,12000138625024,12.000138625024,300.0034656256,0.00933999495862525,2.80203085651321
"ST12000NM0008",180,12000138625024,12.000138625024,300.0034656256,0.00777026896752997,2.33110761910204
"ST12000NM001G",180,12000138625024,12.000138625024,300.0034656256,0.004432727882968,1.32983372706563
"ST14000NM001G",180,14000519643136,14.000519643136,350.0129910784,0.00945750707651116,3.31025033999481
"ST16000NM001G",180,16000900661248,16.000900661248,400.0225165312,0.00573236108720077,2.29307350776758
"ST4000DM000",180,4000787030016,4.000787030016,100.0196757504,0.00396507356836451,0.3965853726343
"ST8000DM002",180,8001563222016,8.001563222016,200.0390805504,0.00325805390985323,0.651738108510676
"ST8000NM0055",180,8001563222016,8.001563222016,200.0390805504,0.00424485276553055,0.849136444288554
"TOSHIBA MG07ACA14TA",180,14000519643136,14.000519643136,350.0129910784,0.00535207474394905,1.87329568960477
"TOSHIBA MG08ACA16TE",180,16000900661248,16.000900661248,400.0225165312,0.0152243057708612,6.09006510690037
"WDC WUH721414ALE6L4",180,14000519643136,14.000519643136,350.0129910784,0.00201319175590053,0.704643268097122
"HGST HMS5C4040ALE640",365,4000787030016,4.000787030016,100.0196757504,0.00274001766642074,0.27405567854577
"HGST HMS5C4040BLE640",365,4000787030016,4.000787030016,100.0196757504,0.00107792891255265,0.107814100315497
"HGST HUH721212ALE604",365,12000138625024,12.000138625024,300.0034656256,0.00529551203292877,1.5886719621407
"HGST HUH721212ALN604",365,12000138625024,12.000138625024,300.0034656256,0.00330817929872096,0.992465254527155
"ST12000NM0007",365,12000138625024,12.000138625024,300.0034656256,0.0143044888892742,4.29139624078514
"ST12000NM0008",365,12000138625024,12.000138625024,300.0034656256,0.0119054317669959,3.57167078986787
"ST12000NM001G",365,12000138625024,12.000138625024,300.0034656256,0.00679781824801762,2.03936903309823
"ST14000NM001G",365,14000519643136,14.000519643136,350.0129910784,0.0144840041925944,5.06958963024206
"ST16000NM001G",365,16000900661248,16.000900661248,400.0225165312,0.00878780643646981,3.51532044550573
"ST4000DM000",365,4000787030016,4.000787030016,100.0196757504,0.00608140919275357,0.608260575564714
"ST8000DM002",365,8001563222016,8.001563222016,200.0390805504,0.00499796958908083,0.99978924121859
"ST8000NM0055",365,8001563222016,8.001563222016,200.0390805504,0.00651003022104513,1.30226045977318
"TOSHIBA MG07ACA14TA",365,14000519643136,14.000519643136,350.0129910784,0.00820565900333692,2.87208725152736
"TOSHIBA MG08ACA16TE",365,16000900661248,16.000900661248,400.0225165312,0.0232795311083426,9.31233661762555
"WDC WUH721414ALE6L4",365,14000519643136,14.000519643136,350.0129910784,0.00308933801633449,1.08130843954944
"HGST HMS5C4040ALE640",545,4000787030016,4.000787030016,100.0196757504,0.00386393138718899,0.386469164468436
"HGST HMS5C4040BLE640",545,4000787030016,4.000787030016,100.0196757504,0.00152059886998523,0.152089805922348
"HGST HUH721212ALE604",545,12000138625024,12.000138625024,300.0034656256,0.00746372092334247,2.23914214346504
"HGST HUH721212ALN604",545,12000138625024,12.000138625024,300.0034656256,0.00466459869264146,1.39939577354508
"ST12000NM0007",545,12000138625024,12.000138625024,300.0034656256,0.0201238486583452,6.03722433922863
"ST12000NM0008",545,12000138625024,12.000138625024,300.0034656256,0.0167571300650353,5.02719709344953
"ST12000NM001G",545,12000138625024,12.000138625024,300.0034656256,0.00957816743125961,2.87348342372013
"ST14000NM001G",545,14000519643136,14.000519643136,350.0129910784,0.0203756362962636,7.13173740518083
"ST16000NM001G",545,16000900661248,16.000900661248,400.0225165312,0.012376986955455,4.95107346899493
"ST4000DM000",545,4000787030016,4.000787030016,100.0196757504,0.0085700091159514,0.857169532955432
"ST8000DM002",545,8001563222016,8.001563222016,200.0390805504,0.00704478393895647,1.40923210182508
"ST8000NM0055",545,8001563222016,8.001563222016,200.0390805504,0.00917321697740525,1.83500188984947
"TOSHIBA MG07ACA14TA",545,14000519643136,14.000519643136,350.0129910784,0.0115584642570175,4.04561264687146
"TOSHIBA MG08ACA16TE",545,16000900661248,16.000900661248,400.0225165312,0.0326890911515323,13.0763725055537
"WDC WUH721414ALE6L4",545,14000519643136,14.000519643136,350.0129910784,0.00435622439547223,1.52473513046793
"HGST HMS5C4040ALE640",730,4000787030016,4.000787030016,100.0196757504,0.0054711267880454,0.547220327329628
"HGST HMS5C4040BLE640",730,4000787030016,4.000787030016,100.0196757504,0.00215414341950304,0.215456726338552
"HGST HUH721212ALE604",730,12000138625024,12.000138625024,300.0034656256,0.0105602846610212,3.16812199629923
"HGST HUH721212ALN604",730,12000138625024,12.000138625024,300.0034656256,0.00660372466882608,1.98114028668509
"ST12000NM0007",730,12000138625024,12.000138625024,300.0034656256,0.0283971730115021,8.5192503174204
"ST12000NM0008",730,12000138625024,12.000138625024,300.0034656256,0.0236631212532762,7.09901838350165
"ST12000NM001G",730,12000138625024,12.000138625024,300.0034656256,0.0135459719362729,4.063838526149
"ST14000NM001G",730,14000519643136,14.000519643136,350.0129910784,0.0287509474462122,10.0632051119866
"ST16000NM001G",730,16000900661248,16.000900661248,400.0225165312,0.0174939353336061,6.99796803618319
"ST4000DM000",730,4000787030016,4.000787030016,100.0196757504,0.0121227413105405,1.21251265508624
"ST8000DM002",730,8001563222016,8.001563222016,200.0390805504,0.00996841291439943,1.99407215394319
"ST8000NM0055",730,8001563222016,8.001563222016,200.0390805504,0.0129743705195245,2.59538114944591
"TOSHIBA MG07ACA14TA",730,14000519643136,14.000519643136,350.0129910784,0.0163398244279077,5.71915082170788
"TOSHIBA MG08ACA16TE",730,16000900661248,16.000900661248,400.0225165312,0.0460055898634969,18.4032718316983
"WDC WUH721414ALE6L4",730,14000519643136,14.000519643136,350.0129910784,0.00616755341328801,2.15872381782073
